chrom	pos	ref	alt	rsid	anc	anc_ref
1	91	A	C	1:91_A/C	pop_1	FALSE
1	852	A	C	1:91_A/C	pop_2	TRUE
1	1011	A	C	1:91_A/C	pop_3	FALSE
1	1380	A	C	1:91_A/C	all	FALSE
1	1579	A	C	1:852_A/C	pop_1	FALSE
1	1883	A	C	1:852_A/C	pop_2	TRUE
1	2833	A	C	1:852_A/C	pop_3	FALSE
1	3564	A	C	1:852_A/C	all	FALSE
1	4565	A	C	1:1011_A/C	pop_1	FALSE
1	4645	A	C	1:1011_A/C	pop_2	TRUE
1	5002	A	C	1:1011_A/C	pop_3	FALSE
1	5456	A	C	1:1011_A/C	all	FALSE
1	5711	A	C	1:1380_A/C	pop_1	FALSE
1	5993	A	C	1:1380_A/C	pop_2	TRUE
1	6488	A	C	1:1380_A/C	pop_3	FALSE
1	6660	A	C	1:1380_A/C	all	FALSE
1	6673	A	C	1:1579_A/C	pop_1	FALSE
1	6874	A	C	1:1579_A/C	pop_2	TRUE
1	6882	A	C	1:1579_A/C	pop_3	FALSE
1	6932	A	C	1:1579_A/C	all	FALSE
1	7526	A	C	1:1883_A/C	pop_1	FALSE
1	7816	A	C	1:1883_A/C	pop_2	TRUE
1	8694	A	C	1:1883_A/C	pop_3	FALSE
1	8723	A	C	1:1883_A/C	all	FALSE
1	9849	A	C	1:2833_A/C	pop_1	FALSE
1	10255	A	C	1:2833_A/C	pop_2	TRUE
1	10471	A	C	1:2833_A/C	pop_3	FALSE
1	10550	A	C	1:2833_A/C	all	FALSE
1	10597	A	C	1:3564_A/C	pop_1	FALSE
1	10659	A	C	1:3564_A/C	pop_2	TRUE
1	12092	A	C	1:3564_A/C	pop_3	FALSE
1	12889	A	C	1:3564_A/C	all	FALSE
1	12956	A	C	1:4565_A/C	pop_1	FALSE
1	13180	A	C	1:4565_A/C	pop_2	TRUE
1	13300	A	C	1:4565_A/C	pop_3	FALSE
1	13368	A	C	1:4565_A/C	all	FALSE
1	13569	A	C	1:4645_A/C	pop_1	FALSE
1	13841	A	C	1:4645_A/C	pop_2	TRUE
1	14141	A	C	1:4645_A/C	pop_3	FALSE
1	14261	A	C	1:4645_A/C	all	FALSE
1	14529	A	C	1:5002_A/C	pop_1	FALSE
1	14613	A	C	1:5002_A/C	pop_2	TRUE
1	14682	A	C	1:5002_A/C	pop_3	FALSE
1	15147	A	C	1:5002_A/C	all	FALSE
1	15241	A	C	1:5456_A/C	pop_1	FALSE
1	16131	A	C	1:5456_A/C	pop_2	TRUE
1	16396	A	C	1:5456_A/C	pop_3	FALSE
1	16419	A	C	1:5456_A/C	all	FALSE
1	16500	A	C	1:5711_A/C	pop_1	FALSE
1	16824	A	C	1:5711_A/C	pop_2	TRUE
1	16977	A	C	1:5711_A/C	pop_3	FALSE
1	16978	A	C	1:5711_A/C	all	FALSE
1	17140	A	C	1:5993_A/C	pop_1	FALSE
1	17222	A	C	1:5993_A/C	pop_2	TRUE
1	17402	A	C	1:5993_A/C	pop_3	FALSE
1	18611	A	C	1:5993_A/C	all	FALSE
1	19235	A	C	1:6488_A/C	pop_1	FALSE
1	19480	A	C	1:6488_A/C	pop_2	TRUE
1	19670	A	C	1:6488_A/C	pop_3	FALSE
1	19706	A	C	1:6488_A/C	all	FALSE
1	20338	A	C	1:6660_A/C	pop_1	FALSE
1	21242	A	C	1:6660_A/C	pop_2	TRUE
1	21879	A	C	1:6660_A/C	pop_3	FALSE
1	22235	A	C	1:6660_A/C	all	FALSE
1	22257	A	C	1:6673_A/C	pop_1	FALSE
1	22421	A	C	1:6673_A/C	pop_2	TRUE
1	22452	A	C	1:6673_A/C	pop_3	FALSE
1	23502	A	C	1:6673_A/C	all	FALSE
1	24074	A	C	1:6874_A/C	pop_1	FALSE
1	24649	A	C	1:6874_A/C	pop_2	TRUE
1	25734	A	C	1:6874_A/C	pop_3	FALSE
1	25829	A	C	1:6874_A/C	all	FALSE
1	25920	A	C	1:6882_A/C	pop_1	FALSE
1	26285	A	C	1:6882_A/C	pop_2	TRUE
1	26293	A	C	1:6882_A/C	pop_3	FALSE
1	26714	A	C	1:6882_A/C	all	FALSE
1	27116	A	C	1:6932_A/C	pop_1	FALSE
1	27672	A	C	1:6932_A/C	pop_2	TRUE
1	28125	A	C	1:6932_A/C	pop_3	FALSE
1	28371	A	C	1:6932_A/C	all	FALSE
1	28843	A	C	1:7526_A/C	pop_1	FALSE
1	28897	A	C	1:7526_A/C	pop_2	TRUE
1	29027	A	C	1:7526_A/C	pop_3	FALSE
1	29411	A	C	1:7526_A/C	all	FALSE
1	29635	A	C	1:7816_A/C	pop_1	FALSE
1	30425	A	C	1:7816_A/C	pop_2	TRUE
1	30475	A	C	1:7816_A/C	pop_3	FALSE
1	30512	A	C	1:7816_A/C	all	FALSE
1	30760	A	C	1:8694_A/C	pop_1	FALSE
1	32782	A	C	1:8694_A/C	pop_2	TRUE
1	32861	A	C	1:8694_A/C	pop_3	FALSE
1	33124	A	C	1:8694_A/C	all	FALSE
1	33375	A	C	1:8723_A/C	pop_1	FALSE
1	34190	A	C	1:8723_A/C	pop_2	TRUE
1	34505	A	C	1:8723_A/C	pop_3	FALSE
1	35213	A	C	1:8723_A/C	all	FALSE
1	35301	A	C	1:9849_A/C	pop_1	FALSE
1	35580	A	C	1:9849_A/C	pop_2	TRUE
1	35779	A	C	1:9849_A/C	pop_3	FALSE
1	36216	A	C	1:9849_A/C	all	FALSE
1	36257	A	C	1:10255_A/C	pop_1	FALSE
1	36970	A	C	1:10255_A/C	pop_2	TRUE
1	38308	A	C	1:10255_A/C	pop_3	FALSE
1	38334	A	C	1:10255_A/C	all	FALSE
1	40152	A	C	1:10471_A/C	pop_1	FALSE
1	40251	A	C	1:10471_A/C	pop_2	TRUE
1	40336	A	C	1:10471_A/C	pop_3	FALSE
1	40848	A	C	1:10471_A/C	all	FALSE
1	40871	A	C	1:10550_A/C	pop_1	FALSE
1	41073	A	C	1:10550_A/C	pop_2	TRUE
1	41204	A	C	1:10550_A/C	pop_3	FALSE
1	41221	A	C	1:10550_A/C	all	FALSE
1	41725	A	C	1:10597_A/C	pop_1	FALSE
1	41823	A	C	1:10597_A/C	pop_2	TRUE
1	42308	A	C	1:10597_A/C	pop_3	FALSE
1	42586	A	C	1:10597_A/C	all	FALSE
1	42678	A	C	1:10659_A/C	pop_1	FALSE
1	42849	A	C	1:10659_A/C	pop_2	TRUE
1	42903	A	C	1:10659_A/C	pop_3	FALSE
1	43039	A	C	1:10659_A/C	all	FALSE
1	43184	A	C	1:12092_A/C	pop_1	FALSE
1	43191	A	C	1:12092_A/C	pop_2	TRUE
1	43640	A	C	1:12092_A/C	pop_3	FALSE
1	43643	A	C	1:12092_A/C	all	FALSE
1	43875	A	C	1:12889_A/C	pop_1	FALSE
1	44195	A	C	1:12889_A/C	pop_2	TRUE
1	44244	A	C	1:12889_A/C	pop_3	FALSE
1	44325	A	C	1:12889_A/C	all	FALSE
1	44554	A	C	1:12956_A/C	pop_1	FALSE
1	44796	A	C	1:12956_A/C	pop_2	TRUE
1	44806	A	C	1:12956_A/C	pop_3	FALSE
1	46221	A	C	1:12956_A/C	all	FALSE
1	46387	A	C	1:13180_A/C	pop_1	FALSE
1	46759	A	C	1:13180_A/C	pop_2	TRUE
1	47099	A	C	1:13180_A/C	pop_3	FALSE
1	47491	A	C	1:13180_A/C	all	FALSE
1	47635	A	C	1:13300_A/C	pop_1	FALSE
1	47738	A	C	1:13300_A/C	pop_2	TRUE
1	47799	A	C	1:13300_A/C	pop_3	FALSE
1	48139	A	C	1:13300_A/C	all	FALSE
1	48215	A	C	1:13368_A/C	pop_1	FALSE
1	48417	A	C	1:13368_A/C	pop_2	TRUE
1	49081	A	C	1:13368_A/C	pop_3	FALSE
1	49493	A	C	1:13368_A/C	all	FALSE
1	49638	A	C	1:13569_A/C	pop_1	FALSE
1	50257	A	C	1:13569_A/C	pop_2	TRUE
1	50703	A	C	1:13569_A/C	pop_3	FALSE
1	50910	A	C	1:13569_A/C	all	FALSE
1	51403	A	C	1:13841_A/C	pop_1	FALSE
1	51901	A	C	1:13841_A/C	pop_2	TRUE
1	52428	A	C	1:13841_A/C	pop_3	FALSE
1	52693	A	C	1:13841_A/C	all	FALSE
1	53169	A	C	1:14141_A/C	pop_1	FALSE
1	53304	A	C	1:14141_A/C	pop_2	TRUE
1	53524	A	C	1:14141_A/C	pop_3	FALSE
1	53752	A	C	1:14141_A/C	all	FALSE
1	54270	A	C	1:14261_A/C	pop_1	FALSE
1	54872	A	C	1:14261_A/C	pop_2	TRUE
1	54930	A	C	1:14261_A/C	pop_3	FALSE
1	54973	A	C	1:14261_A/C	all	FALSE
1	55192	A	C	1:14529_A/C	pop_1	FALSE
1	55479	A	C	1:14529_A/C	pop_2	TRUE
1	55619	A	C	1:14529_A/C	pop_3	FALSE
1	55857	A	C	1:14529_A/C	all	FALSE
1	56555	A	C	1:14613_A/C	pop_1	FALSE
1	56571	A	C	1:14613_A/C	pop_2	TRUE
1	56813	A	C	1:14613_A/C	pop_3	FALSE
1	57044	A	C	1:14613_A/C	all	FALSE
1	57245	A	C	1:14682_A/C	pop_1	FALSE
1	57348	A	C	1:14682_A/C	pop_2	TRUE
1	57906	A	C	1:14682_A/C	pop_3	FALSE
1	57948	A	C	1:14682_A/C	all	FALSE
1	58276	A	C	1:15147_A/C	pop_1	FALSE
1	58358	A	C	1:15147_A/C	pop_2	TRUE
1	58825	A	C	1:15147_A/C	pop_3	FALSE
1	58907	A	C	1:15147_A/C	all	FALSE
1	59451	A	C	1:15241_A/C	pop_1	FALSE
1	59523	A	C	1:15241_A/C	pop_2	TRUE
1	61287	A	C	1:15241_A/C	pop_3	FALSE
1	61404	A	C	1:15241_A/C	all	FALSE
1	61535	A	C	1:16131_A/C	pop_1	FALSE
1	61558	A	C	1:16131_A/C	pop_2	TRUE
1	61593	A	C	1:16131_A/C	pop_3	FALSE
1	61650	A	C	1:16131_A/C	all	FALSE
1	61730	A	C	1:16396_A/C	pop_1	FALSE
1	62561	A	C	1:16396_A/C	pop_2	TRUE
1	62649	A	C	1:16396_A/C	pop_3	FALSE
1	62762	A	C	1:16396_A/C	all	FALSE
1	62969	A	C	1:16419_A/C	pop_1	FALSE
1	63312	A	C	1:16419_A/C	pop_2	TRUE
1	63729	A	C	1:16419_A/C	pop_3	FALSE
1	64049	A	C	1:16419_A/C	all	FALSE
1	64897	A	C	1:16500_A/C	pop_1	FALSE
1	64985	A	C	1:16500_A/C	pop_2	TRUE
1	64992	A	C	1:16500_A/C	pop_3	FALSE
1	65385	A	C	1:16500_A/C	all	FALSE
1	65508	A	C	1:16824_A/C	pop_1	FALSE
1	65934	A	C	1:16824_A/C	pop_2	TRUE
1	65961	A	C	1:16824_A/C	pop_3	FALSE
1	66768	A	C	1:16824_A/C	all	FALSE
1	66780	A	C	1:16977_A/C	pop_1	FALSE
1	66801	A	C	1:16977_A/C	pop_2	TRUE
1	68251	A	C	1:16977_A/C	pop_3	FALSE
1	68763	A	C	1:16977_A/C	all	FALSE
1	69193	A	C	1:16978_A/C	pop_1	FALSE
1	69244	A	C	1:16978_A/C	pop_2	TRUE
1	69376	A	C	1:16978_A/C	pop_3	FALSE
1	71018	A	C	1:16978_A/C	all	FALSE
1	72038	A	C	1:17140_A/C	pop_1	FALSE
1	72144	A	C	1:17140_A/C	pop_2	TRUE
1	72885	A	C	1:17140_A/C	pop_3	FALSE
1	72903	A	C	1:17140_A/C	all	FALSE
1	73209	A	C	1:17222_A/C	pop_1	FALSE
1	73414	A	C	1:17222_A/C	pop_2	TRUE
1	74132	A	C	1:17222_A/C	pop_3	FALSE
1	74550	A	C	1:17222_A/C	all	FALSE
1	74564	A	C	1:17402_A/C	pop_1	FALSE
1	74671	A	C	1:17402_A/C	pop_2	TRUE
1	74904	A	C	1:17402_A/C	pop_3	FALSE
1	75151	A	C	1:17402_A/C	all	FALSE
1	75601	A	C	1:18611_A/C	pop_1	FALSE
1	75853	A	C	1:18611_A/C	pop_2	TRUE
1	75992	A	C	1:18611_A/C	pop_3	FALSE
1	76391	A	C	1:18611_A/C	all	FALSE
1	76619	A	C	1:19235_A/C	pop_1	FALSE
1	76636	A	C	1:19235_A/C	pop_2	TRUE
1	77082	A	C	1:19235_A/C	pop_3	FALSE
1	78279	A	C	1:19235_A/C	all	FALSE
1	78630	A	C	1:19480_A/C	pop_1	FALSE
1	79111	A	C	1:19480_A/C	pop_2	TRUE
1	79400	A	C	1:19480_A/C	pop_3	FALSE
1	79669	A	C	1:19480_A/C	all	FALSE
1	79781	A	C	1:19670_A/C	pop_1	FALSE
1	79917	A	C	1:19670_A/C	pop_2	TRUE
1	80089	A	C	1:19670_A/C	pop_3	FALSE
1	80228	A	C	1:19670_A/C	all	FALSE
1	80454	A	C	1:19706_A/C	pop_1	FALSE
1	81113	A	C	1:19706_A/C	pop_2	TRUE
1	82226	A	C	1:19706_A/C	pop_3	FALSE
1	82249	A	C	1:19706_A/C	all	FALSE
1	82453	A	C	1:20338_A/C	pop_1	FALSE
1	82839	A	C	1:20338_A/C	pop_2	TRUE
1	82998	A	C	1:20338_A/C	pop_3	FALSE
1	84245	A	C	1:20338_A/C	all	FALSE
1	84859	A	C	1:21242_A/C	pop_1	FALSE
1	84967	A	C	1:21242_A/C	pop_2	TRUE
1	86237	A	C	1:21242_A/C	pop_3	FALSE
1	86278	A	C	1:21242_A/C	all	FALSE
1	86413	A	C	1:21879_A/C	pop_1	FALSE
1	87021	A	C	1:21879_A/C	pop_2	TRUE
1	87037	A	C	1:21879_A/C	pop_3	FALSE
1	87112	A	C	1:21879_A/C	all	FALSE
1	87123	A	C	1:22235_A/C	pop_1	FALSE
1	87674	A	C	1:22235_A/C	pop_2	TRUE
1	87786	A	C	1:22235_A/C	pop_3	FALSE
1	87963	A	C	1:22235_A/C	all	FALSE
1	88385	A	C	1:22257_A/C	pop_1	FALSE
1	88980	A	C	1:22257_A/C	pop_2	TRUE
1	89048	A	C	1:22257_A/C	pop_3	FALSE
1	89248	A	C	1:22257_A/C	all	FALSE
1	90532	A	C	1:22421_A/C	pop_1	FALSE
1	90739	A	C	1:22421_A/C	pop_2	TRUE
1	90902	A	C	1:22421_A/C	pop_3	FALSE
1	90934	A	C	1:22421_A/C	all	FALSE
1	91425	A	C	1:22452_A/C	pop_1	FALSE
1	91551	A	C	1:22452_A/C	pop_2	TRUE
1	91898	A	C	1:22452_A/C	pop_3	FALSE
1	92008	A	C	1:22452_A/C	all	FALSE
1	92199	A	C	1:23502_A/C	pop_1	FALSE
1	92293	A	C	1:23502_A/C	pop_2	TRUE
1	92357	A	C	1:23502_A/C	pop_3	FALSE
1	92646	A	C	1:23502_A/C	all	FALSE
1	92964	A	C	1:24074_A/C	pop_1	FALSE
1	93025	A	C	1:24074_A/C	pop_2	TRUE
1	94060	A	C	1:24074_A/C	pop_3	FALSE
1	94143	A	C	1:24074_A/C	all	FALSE
1	94340	A	C	1:24649_A/C	pop_1	FALSE
1	94948	A	C	1:24649_A/C	pop_2	TRUE
1	95228	A	C	1:24649_A/C	pop_3	FALSE
1	95230	A	C	1:24649_A/C	all	FALSE
1	95252	A	C	1:25734_A/C	pop_1	FALSE
1	95281	A	C	1:25734_A/C	pop_2	TRUE
1	96103	A	C	1:25734_A/C	pop_3	FALSE
1	96467	A	C	1:25734_A/C	all	FALSE
1	97049	A	C	1:25829_A/C	pop_1	FALSE
1	97068	A	C	1:25829_A/C	pop_2	TRUE
1	97357	A	C	1:25829_A/C	pop_3	FALSE
1	97403	A	C	1:25829_A/C	all	FALSE
1	97486	A	C	1:25920_A/C	pop_1	FALSE
1	98486	A	C	1:25920_A/C	pop_2	TRUE
1	98687	A	C	1:25920_A/C	pop_3	FALSE
1	98715	A	C	1:25920_A/C	all	FALSE
1	98927	A	C	1:26285_A/C	pop_1	FALSE
1	98943	A	C	1:26285_A/C	pop_2	TRUE
1	99064	A	C	1:26285_A/C	pop_3	FALSE
1	99067	A	C	1:26285_A/C	all	FALSE
1	99134	A	C	1:26293_A/C	pop_1	FALSE
1	99337	A	C	1:26293_A/C	pop_2	TRUE
1	99436	A	C	1:26293_A/C	pop_3	FALSE
1	99798	A	C	1:26293_A/C	all	FALSE
1	91	A	C	1:26714_A/C	pop_1	FALSE
1	852	A	C	1:26714_A/C	pop_2	TRUE
1	1011	A	C	1:26714_A/C	pop_3	FALSE
1	1380	A	C	1:26714_A/C	all	FALSE
1	1579	A	C	1:27116_A/C	pop_1	FALSE
1	1883	A	C	1:27116_A/C	pop_2	TRUE
1	2833	A	C	1:27116_A/C	pop_3	FALSE
1	3564	A	C	1:27116_A/C	all	FALSE
1	4565	A	C	1:27672_A/C	pop_1	FALSE
1	4645	A	C	1:27672_A/C	pop_2	TRUE
1	5002	A	C	1:27672_A/C	pop_3	FALSE
1	5456	A	C	1:27672_A/C	all	FALSE
1	5711	A	C	1:28125_A/C	pop_1	FALSE
1	5993	A	C	1:28125_A/C	pop_2	TRUE
1	6488	A	C	1:28125_A/C	pop_3	FALSE
1	6660	A	C	1:28125_A/C	all	FALSE
1	6673	A	C	1:28371_A/C	pop_1	FALSE
1	6874	A	C	1:28371_A/C	pop_2	TRUE
1	6882	A	C	1:28371_A/C	pop_3	FALSE
1	6932	A	C	1:28371_A/C	all	FALSE
1	7526	A	C	1:28843_A/C	pop_1	FALSE
1	7816	A	C	1:28843_A/C	pop_2	TRUE
1	8694	A	C	1:28843_A/C	pop_3	FALSE
1	8723	A	C	1:28843_A/C	all	FALSE
1	9849	A	C	1:28897_A/C	pop_1	FALSE
1	10255	A	C	1:28897_A/C	pop_2	TRUE
1	10471	A	C	1:28897_A/C	pop_3	FALSE
1	10550	A	C	1:28897_A/C	all	FALSE
1	10597	A	C	1:29027_A/C	pop_1	FALSE
1	10659	A	C	1:29027_A/C	pop_2	TRUE
1	12092	A	C	1:29027_A/C	pop_3	FALSE
1	12889	A	C	1:29027_A/C	all	FALSE
1	12956	A	C	1:29411_A/C	pop_1	FALSE
1	13180	A	C	1:29411_A/C	pop_2	TRUE
1	13300	A	C	1:29411_A/C	pop_3	FALSE
1	13368	A	C	1:29411_A/C	all	FALSE
1	13569	A	C	1:29635_A/C	pop_1	FALSE
1	13841	A	C	1:29635_A/C	pop_2	TRUE
1	14141	A	C	1:29635_A/C	pop_3	FALSE
1	14261	A	C	1:29635_A/C	all	FALSE
1	14529	A	C	1:30425_A/C	pop_1	FALSE
1	14613	A	C	1:30425_A/C	pop_2	TRUE
1	14682	A	C	1:30425_A/C	pop_3	FALSE
1	15147	A	C	1:30425_A/C	all	FALSE
1	15241	A	C	1:30475_A/C	pop_1	FALSE
1	16131	A	C	1:30475_A/C	pop_2	TRUE
1	16396	A	C	1:30475_A/C	pop_3	FALSE
1	16419	A	C	1:30475_A/C	all	FALSE
1	16500	A	C	1:30512_A/C	pop_1	FALSE
1	16824	A	C	1:30512_A/C	pop_2	TRUE
1	16977	A	C	1:30512_A/C	pop_3	FALSE
1	16978	A	C	1:30512_A/C	all	FALSE
1	17140	A	C	1:30760_A/C	pop_1	FALSE
1	17222	A	C	1:30760_A/C	pop_2	TRUE
1	17402	A	C	1:30760_A/C	pop_3	FALSE
1	18611	A	C	1:30760_A/C	all	FALSE
1	19235	A	C	1:32782_A/C	pop_1	FALSE
1	19480	A	C	1:32782_A/C	pop_2	TRUE
1	19670	A	C	1:32782_A/C	pop_3	FALSE
1	19706	A	C	1:32782_A/C	all	FALSE
1	20338	A	C	1:32861_A/C	pop_1	FALSE
1	21242	A	C	1:32861_A/C	pop_2	TRUE
1	21879	A	C	1:32861_A/C	pop_3	FALSE
1	22235	A	C	1:32861_A/C	all	FALSE
1	22257	A	C	1:33124_A/C	pop_1	FALSE
1	22421	A	C	1:33124_A/C	pop_2	TRUE
1	22452	A	C	1:33124_A/C	pop_3	FALSE
1	23502	A	C	1:33124_A/C	all	FALSE
1	24074	A	C	1:33375_A/C	pop_1	FALSE
1	24649	A	C	1:33375_A/C	pop_2	TRUE
1	25734	A	C	1:33375_A/C	pop_3	FALSE
1	25829	A	C	1:33375_A/C	all	FALSE
1	25920	A	C	1:34190_A/C	pop_1	FALSE
1	26285	A	C	1:34190_A/C	pop_2	TRUE
1	26293	A	C	1:34190_A/C	pop_3	FALSE
1	26714	A	C	1:34190_A/C	all	FALSE
1	27116	A	C	1:34505_A/C	pop_1	FALSE
1	27672	A	C	1:34505_A/C	pop_2	TRUE
1	28125	A	C	1:34505_A/C	pop_3	FALSE
1	28371	A	C	1:34505_A/C	all	FALSE
1	28843	A	C	1:35213_A/C	pop_1	FALSE
1	28897	A	C	1:35213_A/C	pop_2	TRUE
1	29027	A	C	1:35213_A/C	pop_3	FALSE
1	29411	A	C	1:35213_A/C	all	FALSE
1	29635	A	C	1:35301_A/C	pop_1	FALSE
1	30425	A	C	1:35301_A/C	pop_2	TRUE
1	30475	A	C	1:35301_A/C	pop_3	FALSE
1	30512	A	C	1:35301_A/C	all	FALSE
1	30760	A	C	1:35580_A/C	pop_1	FALSE
1	32782	A	C	1:35580_A/C	pop_2	TRUE
1	32861	A	C	1:35580_A/C	pop_3	FALSE
1	33124	A	C	1:35580_A/C	all	FALSE
1	33375	A	C	1:35779_A/C	pop_1	FALSE
1	34190	A	C	1:35779_A/C	pop_2	TRUE
1	34505	A	C	1:35779_A/C	pop_3	FALSE
1	35213	A	C	1:35779_A/C	all	FALSE
1	35301	A	C	1:36216_A/C	pop_1	FALSE
1	35580	A	C	1:36216_A/C	pop_2	TRUE
1	35779	A	C	1:36216_A/C	pop_3	FALSE
1	36216	A	C	1:36216_A/C	all	FALSE
1	36257	A	C	1:36257_A/C	pop_1	FALSE
1	36970	A	C	1:36257_A/C	pop_2	TRUE
1	38308	A	C	1:36257_A/C	pop_3	FALSE
1	38334	A	C	1:36257_A/C	all	FALSE
1	40152	A	C	1:36970_A/C	pop_1	FALSE
1	40251	A	C	1:36970_A/C	pop_2	TRUE
1	40336	A	C	1:36970_A/C	pop_3	FALSE
1	40848	A	C	1:36970_A/C	all	FALSE
1	40871	A	C	1:38308_A/C	pop_1	FALSE
1	41073	A	C	1:38308_A/C	pop_2	TRUE
1	41204	A	C	1:38308_A/C	pop_3	FALSE
1	41221	A	C	1:38308_A/C	all	FALSE
1	41725	A	C	1:38334_A/C	pop_1	FALSE
1	41823	A	C	1:38334_A/C	pop_2	TRUE
1	42308	A	C	1:38334_A/C	pop_3	FALSE
1	42586	A	C	1:38334_A/C	all	FALSE
1	42678	A	C	1:40152_A/C	pop_1	FALSE
1	42849	A	C	1:40152_A/C	pop_2	TRUE
1	42903	A	C	1:40152_A/C	pop_3	FALSE
1	43039	A	C	1:40152_A/C	all	FALSE
1	43184	A	C	1:40251_A/C	pop_1	FALSE
1	43191	A	C	1:40251_A/C	pop_2	TRUE
1	43640	A	C	1:40251_A/C	pop_3	FALSE
1	43643	A	C	1:40251_A/C	all	FALSE
1	43875	A	C	1:40336_A/C	pop_1	FALSE
1	44195	A	C	1:40336_A/C	pop_2	TRUE
1	44244	A	C	1:40336_A/C	pop_3	FALSE
1	44325	A	C	1:40336_A/C	all	FALSE
1	44554	A	C	1:40848_A/C	pop_1	FALSE
1	44796	A	C	1:40848_A/C	pop_2	TRUE
1	44806	A	C	1:40848_A/C	pop_3	FALSE
1	46221	A	C	1:40848_A/C	all	FALSE
1	46387	A	C	1:40871_A/C	pop_1	FALSE
1	46759	A	C	1:40871_A/C	pop_2	TRUE
1	47099	A	C	1:40871_A/C	pop_3	FALSE
1	47491	A	C	1:40871_A/C	all	FALSE
1	47635	A	C	1:41073_A/C	pop_1	FALSE
1	47738	A	C	1:41073_A/C	pop_2	TRUE
1	47799	A	C	1:41073_A/C	pop_3	FALSE
1	48139	A	C	1:41073_A/C	all	FALSE
1	48215	A	C	1:41204_A/C	pop_1	FALSE
1	48417	A	C	1:41204_A/C	pop_2	TRUE
1	49081	A	C	1:41204_A/C	pop_3	FALSE
1	49493	A	C	1:41204_A/C	all	FALSE
1	49638	A	C	1:41221_A/C	pop_1	FALSE
1	50257	A	C	1:41221_A/C	pop_2	TRUE
1	50703	A	C	1:41221_A/C	pop_3	FALSE
1	50910	A	C	1:41221_A/C	all	FALSE
1	51403	A	C	1:41725_A/C	pop_1	FALSE
1	51901	A	C	1:41725_A/C	pop_2	TRUE
1	52428	A	C	1:41725_A/C	pop_3	FALSE
1	52693	A	C	1:41725_A/C	all	FALSE
1	53169	A	C	1:41823_A/C	pop_1	FALSE
1	53304	A	C	1:41823_A/C	pop_2	TRUE
1	53524	A	C	1:41823_A/C	pop_3	FALSE
1	53752	A	C	1:41823_A/C	all	FALSE
1	54270	A	C	1:42308_A/C	pop_1	FALSE
1	54872	A	C	1:42308_A/C	pop_2	TRUE
1	54930	A	C	1:42308_A/C	pop_3	FALSE
1	54973	A	C	1:42308_A/C	all	FALSE
1	55192	A	C	1:42586_A/C	pop_1	FALSE
1	55479	A	C	1:42586_A/C	pop_2	TRUE
1	55619	A	C	1:42586_A/C	pop_3	FALSE
1	55857	A	C	1:42586_A/C	all	FALSE
1	56555	A	C	1:42678_A/C	pop_1	FALSE
1	56571	A	C	1:42678_A/C	pop_2	TRUE
1	56813	A	C	1:42678_A/C	pop_3	FALSE
1	57044	A	C	1:42678_A/C	all	FALSE
1	57245	A	C	1:42849_A/C	pop_1	FALSE
1	57348	A	C	1:42849_A/C	pop_2	TRUE
1	57906	A	C	1:42849_A/C	pop_3	FALSE
1	57948	A	C	1:42849_A/C	all	FALSE
1	58276	A	C	1:42903_A/C	pop_1	FALSE
1	58358	A	C	1:42903_A/C	pop_2	TRUE
1	58825	A	C	1:42903_A/C	pop_3	FALSE
1	58907	A	C	1:42903_A/C	all	FALSE
1	59451	A	C	1:43039_A/C	pop_1	FALSE
1	59523	A	C	1:43039_A/C	pop_2	TRUE
1	61287	A	C	1:43039_A/C	pop_3	FALSE
1	61404	A	C	1:43039_A/C	all	FALSE
1	61535	A	C	1:43184_A/C	pop_1	FALSE
1	61558	A	C	1:43184_A/C	pop_2	TRUE
1	61593	A	C	1:43184_A/C	pop_3	FALSE
1	61650	A	C	1:43184_A/C	all	FALSE
1	61730	A	C	1:43191_A/C	pop_1	FALSE
1	62561	A	C	1:43191_A/C	pop_2	TRUE
1	62649	A	C	1:43191_A/C	pop_3	FALSE
1	62762	A	C	1:43191_A/C	all	FALSE
1	62969	A	C	1:43640_A/C	pop_1	FALSE
1	63312	A	C	1:43640_A/C	pop_2	TRUE
1	63729	A	C	1:43640_A/C	pop_3	FALSE
1	64049	A	C	1:43640_A/C	all	FALSE
1	64897	A	C	1:43643_A/C	pop_1	FALSE
1	64985	A	C	1:43643_A/C	pop_2	TRUE
1	64992	A	C	1:43643_A/C	pop_3	FALSE
1	65385	A	C	1:43643_A/C	all	FALSE
1	65508	A	C	1:43875_A/C	pop_1	FALSE
1	65934	A	C	1:43875_A/C	pop_2	TRUE
1	65961	A	C	1:43875_A/C	pop_3	FALSE
1	66768	A	C	1:43875_A/C	all	FALSE
1	66780	A	C	1:44195_A/C	pop_1	FALSE
1	66801	A	C	1:44195_A/C	pop_2	TRUE
1	68251	A	C	1:44195_A/C	pop_3	FALSE
1	68763	A	C	1:44195_A/C	all	FALSE
1	69193	A	C	1:44244_A/C	pop_1	FALSE
1	69244	A	C	1:44244_A/C	pop_2	TRUE
1	69376	A	C	1:44244_A/C	pop_3	FALSE
1	71018	A	C	1:44244_A/C	all	FALSE
1	72038	A	C	1:44325_A/C	pop_1	FALSE
1	72144	A	C	1:44325_A/C	pop_2	TRUE
1	72885	A	C	1:44325_A/C	pop_3	FALSE
1	72903	A	C	1:44325_A/C	all	FALSE
1	73209	A	C	1:44554_A/C	pop_1	FALSE
1	73414	A	C	1:44554_A/C	pop_2	TRUE
1	74132	A	C	1:44554_A/C	pop_3	FALSE
1	74550	A	C	1:44554_A/C	all	FALSE
1	74564	A	C	1:44796_A/C	pop_1	FALSE
1	74671	A	C	1:44796_A/C	pop_2	TRUE
1	74904	A	C	1:44796_A/C	pop_3	FALSE
1	75151	A	C	1:44796_A/C	all	FALSE
1	75601	A	C	1:44806_A/C	pop_1	FALSE
1	75853	A	C	1:44806_A/C	pop_2	TRUE
1	75992	A	C	1:44806_A/C	pop_3	FALSE
1	76391	A	C	1:44806_A/C	all	FALSE
1	76619	A	C	1:46221_A/C	pop_1	FALSE
1	76636	A	C	1:46221_A/C	pop_2	TRUE
1	77082	A	C	1:46221_A/C	pop_3	FALSE
1	78279	A	C	1:46221_A/C	all	FALSE
1	78630	A	C	1:46387_A/C	pop_1	FALSE
1	79111	A	C	1:46387_A/C	pop_2	TRUE
1	79400	A	C	1:46387_A/C	pop_3	FALSE
1	79669	A	C	1:46387_A/C	all	FALSE
1	79781	A	C	1:46759_A/C	pop_1	FALSE
1	79917	A	C	1:46759_A/C	pop_2	TRUE
1	80089	A	C	1:46759_A/C	pop_3	FALSE
1	80228	A	C	1:46759_A/C	all	FALSE
1	80454	A	C	1:47099_A/C	pop_1	FALSE
1	81113	A	C	1:47099_A/C	pop_2	TRUE
1	82226	A	C	1:47099_A/C	pop_3	FALSE
1	82249	A	C	1:47099_A/C	all	FALSE
1	82453	A	C	1:47491_A/C	pop_1	FALSE
1	82839	A	C	1:47491_A/C	pop_2	TRUE
1	82998	A	C	1:47491_A/C	pop_3	FALSE
1	84245	A	C	1:47491_A/C	all	FALSE
1	84859	A	C	1:47635_A/C	pop_1	FALSE
1	84967	A	C	1:47635_A/C	pop_2	TRUE
1	86237	A	C	1:47635_A/C	pop_3	FALSE
1	86278	A	C	1:47635_A/C	all	FALSE
1	86413	A	C	1:47738_A/C	pop_1	FALSE
1	87021	A	C	1:47738_A/C	pop_2	TRUE
1	87037	A	C	1:47738_A/C	pop_3	FALSE
1	87112	A	C	1:47738_A/C	all	FALSE
1	87123	A	C	1:47799_A/C	pop_1	FALSE
1	87674	A	C	1:47799_A/C	pop_2	TRUE
1	87786	A	C	1:47799_A/C	pop_3	FALSE
1	87963	A	C	1:47799_A/C	all	FALSE
1	88385	A	C	1:48139_A/C	pop_1	FALSE
1	88980	A	C	1:48139_A/C	pop_2	TRUE
1	89048	A	C	1:48139_A/C	pop_3	FALSE
1	89248	A	C	1:48139_A/C	all	FALSE
1	90532	A	C	1:48215_A/C	pop_1	FALSE
1	90739	A	C	1:48215_A/C	pop_2	TRUE
1	90902	A	C	1:48215_A/C	pop_3	FALSE
1	90934	A	C	1:48215_A/C	all	FALSE
1	91425	A	C	1:48417_A/C	pop_1	FALSE
1	91551	A	C	1:48417_A/C	pop_2	TRUE
1	91898	A	C	1:48417_A/C	pop_3	FALSE
1	92008	A	C	1:48417_A/C	all	FALSE
1	92199	A	C	1:49081_A/C	pop_1	FALSE
1	92293	A	C	1:49081_A/C	pop_2	TRUE
1	92357	A	C	1:49081_A/C	pop_3	FALSE
1	92646	A	C	1:49081_A/C	all	FALSE
1	92964	A	C	1:49493_A/C	pop_1	FALSE
1	93025	A	C	1:49493_A/C	pop_2	TRUE
1	94060	A	C	1:49493_A/C	pop_3	FALSE
1	94143	A	C	1:49493_A/C	all	FALSE
1	94340	A	C	1:49638_A/C	pop_1	FALSE
1	94948	A	C	1:49638_A/C	pop_2	TRUE
1	95228	A	C	1:49638_A/C	pop_3	FALSE
1	95230	A	C	1:49638_A/C	all	FALSE
1	95252	A	C	1:50257_A/C	pop_1	FALSE
1	95281	A	C	1:50257_A/C	pop_2	TRUE
1	96103	A	C	1:50257_A/C	pop_3	FALSE
1	96467	A	C	1:50257_A/C	all	FALSE
1	97049	A	C	1:50703_A/C	pop_1	FALSE
1	97068	A	C	1:50703_A/C	pop_2	TRUE
1	97357	A	C	1:50703_A/C	pop_3	FALSE
1	97403	A	C	1:50703_A/C	all	FALSE
1	97486	A	C	1:50910_A/C	pop_1	FALSE
1	98486	A	C	1:50910_A/C	pop_2	TRUE
1	98687	A	C	1:50910_A/C	pop_3	FALSE
1	98715	A	C	1:50910_A/C	all	FALSE
1	98927	A	C	1:51403_A/C	pop_1	FALSE
1	98943	A	C	1:51403_A/C	pop_2	TRUE
1	99064	A	C	1:51403_A/C	pop_3	FALSE
1	99067	A	C	1:51403_A/C	all	FALSE
1	99134	A	C	1:51901_A/C	pop_1	FALSE
1	99337	A	C	1:51901_A/C	pop_2	TRUE
1	99436	A	C	1:51901_A/C	pop_3	FALSE
1	99798	A	C	1:51901_A/C	all	FALSE
1	91	A	C	1:52428_A/C	pop_1	FALSE
1	852	A	C	1:52428_A/C	pop_2	TRUE
1	1011	A	C	1:52428_A/C	pop_3	FALSE
1	1380	A	C	1:52428_A/C	all	FALSE
1	1579	A	C	1:52693_A/C	pop_1	FALSE
1	1883	A	C	1:52693_A/C	pop_2	TRUE
1	2833	A	C	1:52693_A/C	pop_3	FALSE
1	3564	A	C	1:52693_A/C	all	FALSE
1	4565	A	C	1:53169_A/C	pop_1	FALSE
1	4645	A	C	1:53169_A/C	pop_2	TRUE
1	5002	A	C	1:53169_A/C	pop_3	FALSE
1	5456	A	C	1:53169_A/C	all	FALSE
1	5711	A	C	1:53304_A/C	pop_1	FALSE
1	5993	A	C	1:53304_A/C	pop_2	TRUE
1	6488	A	C	1:53304_A/C	pop_3	FALSE
1	6660	A	C	1:53304_A/C	all	FALSE
1	6673	A	C	1:53524_A/C	pop_1	FALSE
1	6874	A	C	1:53524_A/C	pop_2	TRUE
1	6882	A	C	1:53524_A/C	pop_3	FALSE
1	6932	A	C	1:53524_A/C	all	FALSE
1	7526	A	C	1:53752_A/C	pop_1	FALSE
1	7816	A	C	1:53752_A/C	pop_2	TRUE
1	8694	A	C	1:53752_A/C	pop_3	FALSE
1	8723	A	C	1:53752_A/C	all	FALSE
1	9849	A	C	1:54270_A/C	pop_1	FALSE
1	10255	A	C	1:54270_A/C	pop_2	TRUE
1	10471	A	C	1:54270_A/C	pop_3	FALSE
1	10550	A	C	1:54270_A/C	all	FALSE
1	10597	A	C	1:54872_A/C	pop_1	FALSE
1	10659	A	C	1:54872_A/C	pop_2	TRUE
1	12092	A	C	1:54872_A/C	pop_3	FALSE
1	12889	A	C	1:54872_A/C	all	FALSE
1	12956	A	C	1:54930_A/C	pop_1	FALSE
1	13180	A	C	1:54930_A/C	pop_2	TRUE
1	13300	A	C	1:54930_A/C	pop_3	FALSE
1	13368	A	C	1:54930_A/C	all	FALSE
1	13569	A	C	1:54973_A/C	pop_1	FALSE
1	13841	A	C	1:54973_A/C	pop_2	TRUE
1	14141	A	C	1:54973_A/C	pop_3	FALSE
1	14261	A	C	1:54973_A/C	all	FALSE
1	14529	A	C	1:55192_A/C	pop_1	FALSE
1	14613	A	C	1:55192_A/C	pop_2	TRUE
1	14682	A	C	1:55192_A/C	pop_3	FALSE
1	15147	A	C	1:55192_A/C	all	FALSE
1	15241	A	C	1:55479_A/C	pop_1	FALSE
1	16131	A	C	1:55479_A/C	pop_2	TRUE
1	16396	A	C	1:55479_A/C	pop_3	FALSE
1	16419	A	C	1:55479_A/C	all	FALSE
1	16500	A	C	1:55619_A/C	pop_1	FALSE
1	16824	A	C	1:55619_A/C	pop_2	TRUE
1	16977	A	C	1:55619_A/C	pop_3	FALSE
1	16978	A	C	1:55619_A/C	all	FALSE
1	17140	A	C	1:55857_A/C	pop_1	FALSE
1	17222	A	C	1:55857_A/C	pop_2	TRUE
1	17402	A	C	1:55857_A/C	pop_3	FALSE
1	18611	A	C	1:55857_A/C	all	FALSE
1	19235	A	C	1:56555_A/C	pop_1	FALSE
1	19480	A	C	1:56555_A/C	pop_2	TRUE
1	19670	A	C	1:56555_A/C	pop_3	FALSE
1	19706	A	C	1:56555_A/C	all	FALSE
1	20338	A	C	1:56571_A/C	pop_1	FALSE
1	21242	A	C	1:56571_A/C	pop_2	TRUE
1	21879	A	C	1:56571_A/C	pop_3	FALSE
1	22235	A	C	1:56571_A/C	all	FALSE
1	22257	A	C	1:56813_A/C	pop_1	FALSE
1	22421	A	C	1:56813_A/C	pop_2	TRUE
1	22452	A	C	1:56813_A/C	pop_3	FALSE
1	23502	A	C	1:56813_A/C	all	FALSE
1	24074	A	C	1:57044_A/C	pop_1	FALSE
1	24649	A	C	1:57044_A/C	pop_2	TRUE
1	25734	A	C	1:57044_A/C	pop_3	FALSE
1	25829	A	C	1:57044_A/C	all	FALSE
1	25920	A	C	1:57245_A/C	pop_1	FALSE
1	26285	A	C	1:57245_A/C	pop_2	TRUE
1	26293	A	C	1:57245_A/C	pop_3	FALSE
1	26714	A	C	1:57245_A/C	all	FALSE
1	27116	A	C	1:57348_A/C	pop_1	FALSE
1	27672	A	C	1:57348_A/C	pop_2	TRUE
1	28125	A	C	1:57348_A/C	pop_3	FALSE
1	28371	A	C	1:57348_A/C	all	FALSE
1	28843	A	C	1:57906_A/C	pop_1	FALSE
1	28897	A	C	1:57906_A/C	pop_2	TRUE
1	29027	A	C	1:57906_A/C	pop_3	FALSE
1	29411	A	C	1:57906_A/C	all	FALSE
1	29635	A	C	1:57948_A/C	pop_1	FALSE
1	30425	A	C	1:57948_A/C	pop_2	TRUE
1	30475	A	C	1:57948_A/C	pop_3	FALSE
1	30512	A	C	1:57948_A/C	all	FALSE
1	30760	A	C	1:58276_A/C	pop_1	FALSE
1	32782	A	C	1:58276_A/C	pop_2	TRUE
1	32861	A	C	1:58276_A/C	pop_3	FALSE
1	33124	A	C	1:58276_A/C	all	FALSE
1	33375	A	C	1:58358_A/C	pop_1	FALSE
1	34190	A	C	1:58358_A/C	pop_2	TRUE
1	34505	A	C	1:58358_A/C	pop_3	FALSE
1	35213	A	C	1:58358_A/C	all	FALSE
1	35301	A	C	1:58825_A/C	pop_1	FALSE
1	35580	A	C	1:58825_A/C	pop_2	TRUE
1	35779	A	C	1:58825_A/C	pop_3	FALSE
1	36216	A	C	1:58825_A/C	all	FALSE
1	36257	A	C	1:58907_A/C	pop_1	FALSE
1	36970	A	C	1:58907_A/C	pop_2	TRUE
1	38308	A	C	1:58907_A/C	pop_3	FALSE
1	38334	A	C	1:58907_A/C	all	FALSE
1	40152	A	C	1:59451_A/C	pop_1	FALSE
1	40251	A	C	1:59451_A/C	pop_2	TRUE
1	40336	A	C	1:59451_A/C	pop_3	FALSE
1	40848	A	C	1:59451_A/C	all	FALSE
1	40871	A	C	1:59523_A/C	pop_1	FALSE
1	41073	A	C	1:59523_A/C	pop_2	TRUE
1	41204	A	C	1:59523_A/C	pop_3	FALSE
1	41221	A	C	1:59523_A/C	all	FALSE
1	41725	A	C	1:61287_A/C	pop_1	FALSE
1	41823	A	C	1:61287_A/C	pop_2	TRUE
1	42308	A	C	1:61287_A/C	pop_3	FALSE
1	42586	A	C	1:61287_A/C	all	FALSE
1	42678	A	C	1:61404_A/C	pop_1	FALSE
1	42849	A	C	1:61404_A/C	pop_2	TRUE
1	42903	A	C	1:61404_A/C	pop_3	FALSE
1	43039	A	C	1:61404_A/C	all	FALSE
1	43184	A	C	1:61535_A/C	pop_1	FALSE
1	43191	A	C	1:61535_A/C	pop_2	TRUE
1	43640	A	C	1:61535_A/C	pop_3	FALSE
1	43643	A	C	1:61535_A/C	all	FALSE
1	43875	A	C	1:61558_A/C	pop_1	FALSE
1	44195	A	C	1:61558_A/C	pop_2	TRUE
1	44244	A	C	1:61558_A/C	pop_3	FALSE
1	44325	A	C	1:61558_A/C	all	FALSE
1	44554	A	C	1:61593_A/C	pop_1	FALSE
1	44796	A	C	1:61593_A/C	pop_2	TRUE
1	44806	A	C	1:61593_A/C	pop_3	FALSE
1	46221	A	C	1:61593_A/C	all	FALSE
1	46387	A	C	1:61650_A/C	pop_1	FALSE
1	46759	A	C	1:61650_A/C	pop_2	TRUE
1	47099	A	C	1:61650_A/C	pop_3	FALSE
1	47491	A	C	1:61650_A/C	all	FALSE
1	47635	A	C	1:61730_A/C	pop_1	FALSE
1	47738	A	C	1:61730_A/C	pop_2	TRUE
1	47799	A	C	1:61730_A/C	pop_3	FALSE
1	48139	A	C	1:61730_A/C	all	FALSE
1	48215	A	C	1:62561_A/C	pop_1	FALSE
1	48417	A	C	1:62561_A/C	pop_2	TRUE
1	49081	A	C	1:62561_A/C	pop_3	FALSE
1	49493	A	C	1:62561_A/C	all	FALSE
1	49638	A	C	1:62649_A/C	pop_1	FALSE
1	50257	A	C	1:62649_A/C	pop_2	TRUE
1	50703	A	C	1:62649_A/C	pop_3	FALSE
1	50910	A	C	1:62649_A/C	all	FALSE
1	51403	A	C	1:62762_A/C	pop_1	FALSE
1	51901	A	C	1:62762_A/C	pop_2	TRUE
1	52428	A	C	1:62762_A/C	pop_3	FALSE
1	52693	A	C	1:62762_A/C	all	FALSE
1	53169	A	C	1:62969_A/C	pop_1	FALSE
1	53304	A	C	1:62969_A/C	pop_2	TRUE
1	53524	A	C	1:62969_A/C	pop_3	FALSE
1	53752	A	C	1:62969_A/C	all	FALSE
1	54270	A	C	1:63312_A/C	pop_1	FALSE
1	54872	A	C	1:63312_A/C	pop_2	TRUE
1	54930	A	C	1:63312_A/C	pop_3	FALSE
1	54973	A	C	1:63312_A/C	all	FALSE
1	55192	A	C	1:63729_A/C	pop_1	FALSE
1	55479	A	C	1:63729_A/C	pop_2	TRUE
1	55619	A	C	1:63729_A/C	pop_3	FALSE
1	55857	A	C	1:63729_A/C	all	FALSE
1	56555	A	C	1:64049_A/C	pop_1	FALSE
1	56571	A	C	1:64049_A/C	pop_2	TRUE
1	56813	A	C	1:64049_A/C	pop_3	FALSE
1	57044	A	C	1:64049_A/C	all	FALSE
1	57245	A	C	1:64897_A/C	pop_1	FALSE
1	57348	A	C	1:64897_A/C	pop_2	TRUE
1	57906	A	C	1:64897_A/C	pop_3	FALSE
1	57948	A	C	1:64897_A/C	all	FALSE
1	58276	A	C	1:64985_A/C	pop_1	FALSE
1	58358	A	C	1:64985_A/C	pop_2	TRUE
1	58825	A	C	1:64985_A/C	pop_3	FALSE
1	58907	A	C	1:64985_A/C	all	FALSE
1	59451	A	C	1:64992_A/C	pop_1	FALSE
1	59523	A	C	1:64992_A/C	pop_2	TRUE
1	61287	A	C	1:64992_A/C	pop_3	FALSE
1	61404	A	C	1:64992_A/C	all	FALSE
1	61535	A	C	1:65385_A/C	pop_1	FALSE
1	61558	A	C	1:65385_A/C	pop_2	TRUE
1	61593	A	C	1:65385_A/C	pop_3	FALSE
1	61650	A	C	1:65385_A/C	all	FALSE
1	61730	A	C	1:65508_A/C	pop_1	FALSE
1	62561	A	C	1:65508_A/C	pop_2	TRUE
1	62649	A	C	1:65508_A/C	pop_3	FALSE
1	62762	A	C	1:65508_A/C	all	FALSE
1	62969	A	C	1:65934_A/C	pop_1	FALSE
1	63312	A	C	1:65934_A/C	pop_2	TRUE
1	63729	A	C	1:65934_A/C	pop_3	FALSE
1	64049	A	C	1:65934_A/C	all	FALSE
1	64897	A	C	1:65961_A/C	pop_1	FALSE
1	64985	A	C	1:65961_A/C	pop_2	TRUE
1	64992	A	C	1:65961_A/C	pop_3	FALSE
1	65385	A	C	1:65961_A/C	all	FALSE
1	65508	A	C	1:66768_A/C	pop_1	FALSE
1	65934	A	C	1:66768_A/C	pop_2	TRUE
1	65961	A	C	1:66768_A/C	pop_3	FALSE
1	66768	A	C	1:66768_A/C	all	FALSE
1	66780	A	C	1:66780_A/C	pop_1	FALSE
1	66801	A	C	1:66780_A/C	pop_2	TRUE
1	68251	A	C	1:66780_A/C	pop_3	FALSE
1	68763	A	C	1:66780_A/C	all	FALSE
1	69193	A	C	1:66801_A/C	pop_1	FALSE
1	69244	A	C	1:66801_A/C	pop_2	TRUE
1	69376	A	C	1:66801_A/C	pop_3	FALSE
1	71018	A	C	1:66801_A/C	all	FALSE
1	72038	A	C	1:68251_A/C	pop_1	FALSE
1	72144	A	C	1:68251_A/C	pop_2	TRUE
1	72885	A	C	1:68251_A/C	pop_3	FALSE
1	72903	A	C	1:68251_A/C	all	FALSE
1	73209	A	C	1:68763_A/C	pop_1	FALSE
1	73414	A	C	1:68763_A/C	pop_2	TRUE
1	74132	A	C	1:68763_A/C	pop_3	FALSE
1	74550	A	C	1:68763_A/C	all	FALSE
1	74564	A	C	1:69193_A/C	pop_1	FALSE
1	74671	A	C	1:69193_A/C	pop_2	TRUE
1	74904	A	C	1:69193_A/C	pop_3	FALSE
1	75151	A	C	1:69193_A/C	all	FALSE
1	75601	A	C	1:69244_A/C	pop_1	FALSE
1	75853	A	C	1:69244_A/C	pop_2	TRUE
1	75992	A	C	1:69244_A/C	pop_3	FALSE
1	76391	A	C	1:69244_A/C	all	FALSE
1	76619	A	C	1:69376_A/C	pop_1	FALSE
1	76636	A	C	1:69376_A/C	pop_2	TRUE
1	77082	A	C	1:69376_A/C	pop_3	FALSE
1	78279	A	C	1:69376_A/C	all	FALSE
1	78630	A	C	1:71018_A/C	pop_1	FALSE
1	79111	A	C	1:71018_A/C	pop_2	TRUE
1	79400	A	C	1:71018_A/C	pop_3	FALSE
1	79669	A	C	1:71018_A/C	all	FALSE
1	79781	A	C	1:72038_A/C	pop_1	FALSE
1	79917	A	C	1:72038_A/C	pop_2	TRUE
1	80089	A	C	1:72038_A/C	pop_3	FALSE
1	80228	A	C	1:72038_A/C	all	FALSE
1	80454	A	C	1:72144_A/C	pop_1	FALSE
1	81113	A	C	1:72144_A/C	pop_2	TRUE
1	82226	A	C	1:72144_A/C	pop_3	FALSE
1	82249	A	C	1:72144_A/C	all	FALSE
1	82453	A	C	1:72885_A/C	pop_1	FALSE
1	82839	A	C	1:72885_A/C	pop_2	TRUE
1	82998	A	C	1:72885_A/C	pop_3	FALSE
1	84245	A	C	1:72885_A/C	all	FALSE
1	84859	A	C	1:72903_A/C	pop_1	FALSE
1	84967	A	C	1:72903_A/C	pop_2	TRUE
1	86237	A	C	1:72903_A/C	pop_3	FALSE
1	86278	A	C	1:72903_A/C	all	FALSE
1	86413	A	C	1:73209_A/C	pop_1	FALSE
1	87021	A	C	1:73209_A/C	pop_2	TRUE
1	87037	A	C	1:73209_A/C	pop_3	FALSE
1	87112	A	C	1:73209_A/C	all	FALSE
1	87123	A	C	1:73414_A/C	pop_1	FALSE
1	87674	A	C	1:73414_A/C	pop_2	TRUE
1	87786	A	C	1:73414_A/C	pop_3	FALSE
1	87963	A	C	1:73414_A/C	all	FALSE
1	88385	A	C	1:74132_A/C	pop_1	FALSE
1	88980	A	C	1:74132_A/C	pop_2	TRUE
1	89048	A	C	1:74132_A/C	pop_3	FALSE
1	89248	A	C	1:74132_A/C	all	FALSE
1	90532	A	C	1:74550_A/C	pop_1	FALSE
1	90739	A	C	1:74550_A/C	pop_2	TRUE
1	90902	A	C	1:74550_A/C	pop_3	FALSE
1	90934	A	C	1:74550_A/C	all	FALSE
1	91425	A	C	1:74564_A/C	pop_1	FALSE
1	91551	A	C	1:74564_A/C	pop_2	TRUE
1	91898	A	C	1:74564_A/C	pop_3	FALSE
1	92008	A	C	1:74564_A/C	all	FALSE
1	92199	A	C	1:74671_A/C	pop_1	FALSE
1	92293	A	C	1:74671_A/C	pop_2	TRUE
1	92357	A	C	1:74671_A/C	pop_3	FALSE
1	92646	A	C	1:74671_A/C	all	FALSE
1	92964	A	C	1:74904_A/C	pop_1	FALSE
1	93025	A	C	1:74904_A/C	pop_2	TRUE
1	94060	A	C	1:74904_A/C	pop_3	FALSE
1	94143	A	C	1:74904_A/C	all	FALSE
1	94340	A	C	1:75151_A/C	pop_1	FALSE
1	94948	A	C	1:75151_A/C	pop_2	TRUE
1	95228	A	C	1:75151_A/C	pop_3	FALSE
1	95230	A	C	1:75151_A/C	all	FALSE
1	95252	A	C	1:75601_A/C	pop_1	FALSE
1	95281	A	C	1:75601_A/C	pop_2	TRUE
1	96103	A	C	1:75601_A/C	pop_3	FALSE
1	96467	A	C	1:75601_A/C	all	FALSE
1	97049	A	C	1:75853_A/C	pop_1	FALSE
1	97068	A	C	1:75853_A/C	pop_2	TRUE
1	97357	A	C	1:75853_A/C	pop_3	FALSE
1	97403	A	C	1:75853_A/C	all	FALSE
1	97486	A	C	1:75992_A/C	pop_1	FALSE
1	98486	A	C	1:75992_A/C	pop_2	TRUE
1	98687	A	C	1:75992_A/C	pop_3	FALSE
1	98715	A	C	1:75992_A/C	all	FALSE
1	98927	A	C	1:76391_A/C	pop_1	FALSE
1	98943	A	C	1:76391_A/C	pop_2	TRUE
1	99064	A	C	1:76391_A/C	pop_3	FALSE
1	99067	A	C	1:76391_A/C	all	FALSE
1	99134	A	C	1:76619_A/C	pop_1	FALSE
1	99337	A	C	1:76619_A/C	pop_2	TRUE
1	99436	A	C	1:76619_A/C	pop_3	FALSE
1	99798	A	C	1:76619_A/C	all	FALSE
1	91	A	C	1:76636_A/C	pop_1	FALSE
1	852	A	C	1:76636_A/C	pop_2	TRUE
1	1011	A	C	1:76636_A/C	pop_3	FALSE
1	1380	A	C	1:76636_A/C	all	FALSE
1	1579	A	C	1:77082_A/C	pop_1	FALSE
1	1883	A	C	1:77082_A/C	pop_2	TRUE
1	2833	A	C	1:77082_A/C	pop_3	FALSE
1	3564	A	C	1:77082_A/C	all	FALSE
1	4565	A	C	1:78279_A/C	pop_1	FALSE
1	4645	A	C	1:78279_A/C	pop_2	TRUE
1	5002	A	C	1:78279_A/C	pop_3	FALSE
1	5456	A	C	1:78279_A/C	all	FALSE
1	5711	A	C	1:78630_A/C	pop_1	FALSE
1	5993	A	C	1:78630_A/C	pop_2	TRUE
1	6488	A	C	1:78630_A/C	pop_3	FALSE
1	6660	A	C	1:78630_A/C	all	FALSE
1	6673	A	C	1:79111_A/C	pop_1	FALSE
1	6874	A	C	1:79111_A/C	pop_2	TRUE
1	6882	A	C	1:79111_A/C	pop_3	FALSE
1	6932	A	C	1:79111_A/C	all	FALSE
1	7526	A	C	1:79400_A/C	pop_1	FALSE
1	7816	A	C	1:79400_A/C	pop_2	TRUE
1	8694	A	C	1:79400_A/C	pop_3	FALSE
1	8723	A	C	1:79400_A/C	all	FALSE
1	9849	A	C	1:79669_A/C	pop_1	FALSE
1	10255	A	C	1:79669_A/C	pop_2	TRUE
1	10471	A	C	1:79669_A/C	pop_3	FALSE
1	10550	A	C	1:79669_A/C	all	FALSE
1	10597	A	C	1:79781_A/C	pop_1	FALSE
1	10659	A	C	1:79781_A/C	pop_2	TRUE
1	12092	A	C	1:79781_A/C	pop_3	FALSE
1	12889	A	C	1:79781_A/C	all	FALSE
1	12956	A	C	1:79917_A/C	pop_1	FALSE
1	13180	A	C	1:79917_A/C	pop_2	TRUE
1	13300	A	C	1:79917_A/C	pop_3	FALSE
1	13368	A	C	1:79917_A/C	all	FALSE
1	13569	A	C	1:80089_A/C	pop_1	FALSE
1	13841	A	C	1:80089_A/C	pop_2	TRUE
1	14141	A	C	1:80089_A/C	pop_3	FALSE
1	14261	A	C	1:80089_A/C	all	FALSE
1	14529	A	C	1:80228_A/C	pop_1	FALSE
1	14613	A	C	1:80228_A/C	pop_2	TRUE
1	14682	A	C	1:80228_A/C	pop_3	FALSE
1	15147	A	C	1:80228_A/C	all	FALSE
1	15241	A	C	1:80454_A/C	pop_1	FALSE
1	16131	A	C	1:80454_A/C	pop_2	TRUE
1	16396	A	C	1:80454_A/C	pop_3	FALSE
1	16419	A	C	1:80454_A/C	all	FALSE
1	16500	A	C	1:81113_A/C	pop_1	FALSE
1	16824	A	C	1:81113_A/C	pop_2	TRUE
1	16977	A	C	1:81113_A/C	pop_3	FALSE
1	16978	A	C	1:81113_A/C	all	FALSE
1	17140	A	C	1:82226_A/C	pop_1	FALSE
1	17222	A	C	1:82226_A/C	pop_2	TRUE
1	17402	A	C	1:82226_A/C	pop_3	FALSE
1	18611	A	C	1:82226_A/C	all	FALSE
1	19235	A	C	1:82249_A/C	pop_1	FALSE
1	19480	A	C	1:82249_A/C	pop_2	TRUE
1	19670	A	C	1:82249_A/C	pop_3	FALSE
1	19706	A	C	1:82249_A/C	all	FALSE
1	20338	A	C	1:82453_A/C	pop_1	FALSE
1	21242	A	C	1:82453_A/C	pop_2	TRUE
1	21879	A	C	1:82453_A/C	pop_3	FALSE
1	22235	A	C	1:82453_A/C	all	FALSE
1	22257	A	C	1:82839_A/C	pop_1	FALSE
1	22421	A	C	1:82839_A/C	pop_2	TRUE
1	22452	A	C	1:82839_A/C	pop_3	FALSE
1	23502	A	C	1:82839_A/C	all	FALSE
1	24074	A	C	1:82998_A/C	pop_1	FALSE
1	24649	A	C	1:82998_A/C	pop_2	TRUE
1	25734	A	C	1:82998_A/C	pop_3	FALSE
1	25829	A	C	1:82998_A/C	all	FALSE
1	25920	A	C	1:84245_A/C	pop_1	FALSE
1	26285	A	C	1:84245_A/C	pop_2	TRUE
1	26293	A	C	1:84245_A/C	pop_3	FALSE
1	26714	A	C	1:84245_A/C	all	FALSE
1	27116	A	C	1:84859_A/C	pop_1	FALSE
1	27672	A	C	1:84859_A/C	pop_2	TRUE
1	28125	A	C	1:84859_A/C	pop_3	FALSE
1	28371	A	C	1:84859_A/C	all	FALSE
1	28843	A	C	1:84967_A/C	pop_1	FALSE
1	28897	A	C	1:84967_A/C	pop_2	TRUE
1	29027	A	C	1:84967_A/C	pop_3	FALSE
1	29411	A	C	1:84967_A/C	all	FALSE
1	29635	A	C	1:86237_A/C	pop_1	FALSE
1	30425	A	C	1:86237_A/C	pop_2	TRUE
1	30475	A	C	1:86237_A/C	pop_3	FALSE
1	30512	A	C	1:86237_A/C	all	FALSE
1	30760	A	C	1:86278_A/C	pop_1	FALSE
1	32782	A	C	1:86278_A/C	pop_2	TRUE
1	32861	A	C	1:86278_A/C	pop_3	FALSE
1	33124	A	C	1:86278_A/C	all	FALSE
1	33375	A	C	1:86413_A/C	pop_1	FALSE
1	34190	A	C	1:86413_A/C	pop_2	TRUE
1	34505	A	C	1:86413_A/C	pop_3	FALSE
1	35213	A	C	1:86413_A/C	all	FALSE
1	35301	A	C	1:87021_A/C	pop_1	FALSE
1	35580	A	C	1:87021_A/C	pop_2	TRUE
1	35779	A	C	1:87021_A/C	pop_3	FALSE
1	36216	A	C	1:87021_A/C	all	FALSE
1	36257	A	C	1:87037_A/C	pop_1	FALSE
1	36970	A	C	1:87037_A/C	pop_2	TRUE
1	38308	A	C	1:87037_A/C	pop_3	FALSE
1	38334	A	C	1:87037_A/C	all	FALSE
1	40152	A	C	1:87112_A/C	pop_1	FALSE
1	40251	A	C	1:87112_A/C	pop_2	TRUE
1	40336	A	C	1:87112_A/C	pop_3	FALSE
1	40848	A	C	1:87112_A/C	all	FALSE
1	40871	A	C	1:87123_A/C	pop_1	FALSE
1	41073	A	C	1:87123_A/C	pop_2	TRUE
1	41204	A	C	1:87123_A/C	pop_3	FALSE
1	41221	A	C	1:87123_A/C	all	FALSE
1	41725	A	C	1:87674_A/C	pop_1	FALSE
1	41823	A	C	1:87674_A/C	pop_2	TRUE
1	42308	A	C	1:87674_A/C	pop_3	FALSE
1	42586	A	C	1:87674_A/C	all	FALSE
1	42678	A	C	1:87786_A/C	pop_1	FALSE
1	42849	A	C	1:87786_A/C	pop_2	TRUE
1	42903	A	C	1:87786_A/C	pop_3	FALSE
1	43039	A	C	1:87786_A/C	all	FALSE
1	43184	A	C	1:87963_A/C	pop_1	FALSE
1	43191	A	C	1:87963_A/C	pop_2	TRUE
1	43640	A	C	1:87963_A/C	pop_3	FALSE
1	43643	A	C	1:87963_A/C	all	FALSE
1	43875	A	C	1:88385_A/C	pop_1	FALSE
1	44195	A	C	1:88385_A/C	pop_2	TRUE
1	44244	A	C	1:88385_A/C	pop_3	FALSE
1	44325	A	C	1:88385_A/C	all	FALSE
1	44554	A	C	1:88980_A/C	pop_1	FALSE
1	44796	A	C	1:88980_A/C	pop_2	TRUE
1	44806	A	C	1:88980_A/C	pop_3	FALSE
1	46221	A	C	1:88980_A/C	all	FALSE
1	46387	A	C	1:89048_A/C	pop_1	FALSE
1	46759	A	C	1:89048_A/C	pop_2	TRUE
1	47099	A	C	1:89048_A/C	pop_3	FALSE
1	47491	A	C	1:89048_A/C	all	FALSE
1	47635	A	C	1:89248_A/C	pop_1	FALSE
1	47738	A	C	1:89248_A/C	pop_2	TRUE
1	47799	A	C	1:89248_A/C	pop_3	FALSE
1	48139	A	C	1:89248_A/C	all	FALSE
1	48215	A	C	1:90532_A/C	pop_1	FALSE
1	48417	A	C	1:90532_A/C	pop_2	TRUE
1	49081	A	C	1:90532_A/C	pop_3	FALSE
1	49493	A	C	1:90532_A/C	all	FALSE
1	49638	A	C	1:90739_A/C	pop_1	FALSE
1	50257	A	C	1:90739_A/C	pop_2	TRUE
1	50703	A	C	1:90739_A/C	pop_3	FALSE
1	50910	A	C	1:90739_A/C	all	FALSE
1	51403	A	C	1:90902_A/C	pop_1	FALSE
1	51901	A	C	1:90902_A/C	pop_2	TRUE
1	52428	A	C	1:90902_A/C	pop_3	FALSE
1	52693	A	C	1:90902_A/C	all	FALSE
1	53169	A	C	1:90934_A/C	pop_1	FALSE
1	53304	A	C	1:90934_A/C	pop_2	TRUE
1	53524	A	C	1:90934_A/C	pop_3	FALSE
1	53752	A	C	1:90934_A/C	all	FALSE
1	54270	A	C	1:91425_A/C	pop_1	FALSE
1	54872	A	C	1:91425_A/C	pop_2	TRUE
1	54930	A	C	1:91425_A/C	pop_3	FALSE
1	54973	A	C	1:91425_A/C	all	FALSE
1	55192	A	C	1:91551_A/C	pop_1	FALSE
1	55479	A	C	1:91551_A/C	pop_2	TRUE
1	55619	A	C	1:91551_A/C	pop_3	FALSE
1	55857	A	C	1:91551_A/C	all	FALSE
1	56555	A	C	1:91898_A/C	pop_1	FALSE
1	56571	A	C	1:91898_A/C	pop_2	TRUE
1	56813	A	C	1:91898_A/C	pop_3	FALSE
1	57044	A	C	1:91898_A/C	all	FALSE
1	57245	A	C	1:92008_A/C	pop_1	FALSE
1	57348	A	C	1:92008_A/C	pop_2	TRUE
1	57906	A	C	1:92008_A/C	pop_3	FALSE
1	57948	A	C	1:92008_A/C	all	FALSE
1	58276	A	C	1:92199_A/C	pop_1	FALSE
1	58358	A	C	1:92199_A/C	pop_2	TRUE
1	58825	A	C	1:92199_A/C	pop_3	FALSE
1	58907	A	C	1:92199_A/C	all	FALSE
1	59451	A	C	1:92293_A/C	pop_1	FALSE
1	59523	A	C	1:92293_A/C	pop_2	TRUE
1	61287	A	C	1:92293_A/C	pop_3	FALSE
1	61404	A	C	1:92293_A/C	all	FALSE
1	61535	A	C	1:92357_A/C	pop_1	FALSE
1	61558	A	C	1:92357_A/C	pop_2	TRUE
1	61593	A	C	1:92357_A/C	pop_3	FALSE
1	61650	A	C	1:92357_A/C	all	FALSE
1	61730	A	C	1:92646_A/C	pop_1	FALSE
1	62561	A	C	1:92646_A/C	pop_2	TRUE
1	62649	A	C	1:92646_A/C	pop_3	FALSE
1	62762	A	C	1:92646_A/C	all	FALSE
1	62969	A	C	1:92964_A/C	pop_1	FALSE
1	63312	A	C	1:92964_A/C	pop_2	TRUE
1	63729	A	C	1:92964_A/C	pop_3	FALSE
1	64049	A	C	1:92964_A/C	all	FALSE
1	64897	A	C	1:93025_A/C	pop_1	FALSE
1	64985	A	C	1:93025_A/C	pop_2	TRUE
1	64992	A	C	1:93025_A/C	pop_3	FALSE
1	65385	A	C	1:93025_A/C	all	FALSE
1	65508	A	C	1:94060_A/C	pop_1	FALSE
1	65934	A	C	1:94060_A/C	pop_2	TRUE
1	65961	A	C	1:94060_A/C	pop_3	FALSE
1	66768	A	C	1:94060_A/C	all	FALSE
1	66780	A	C	1:94143_A/C	pop_1	FALSE
1	66801	A	C	1:94143_A/C	pop_2	TRUE
1	68251	A	C	1:94143_A/C	pop_3	FALSE
1	68763	A	C	1:94143_A/C	all	FALSE
1	69193	A	C	1:94340_A/C	pop_1	FALSE
1	69244	A	C	1:94340_A/C	pop_2	TRUE
1	69376	A	C	1:94340_A/C	pop_3	FALSE
1	71018	A	C	1:94340_A/C	all	FALSE
1	72038	A	C	1:94948_A/C	pop_1	FALSE
1	72144	A	C	1:94948_A/C	pop_2	TRUE
1	72885	A	C	1:94948_A/C	pop_3	FALSE
1	72903	A	C	1:94948_A/C	all	FALSE
1	73209	A	C	1:95228_A/C	pop_1	FALSE
1	73414	A	C	1:95228_A/C	pop_2	TRUE
1	74132	A	C	1:95228_A/C	pop_3	FALSE
1	74550	A	C	1:95228_A/C	all	FALSE
1	74564	A	C	1:95230_A/C	pop_1	FALSE
1	74671	A	C	1:95230_A/C	pop_2	TRUE
1	74904	A	C	1:95230_A/C	pop_3	FALSE
1	75151	A	C	1:95230_A/C	all	FALSE
1	75601	A	C	1:95252_A/C	pop_1	FALSE
1	75853	A	C	1:95252_A/C	pop_2	TRUE
1	75992	A	C	1:95252_A/C	pop_3	FALSE
1	76391	A	C	1:95252_A/C	all	FALSE
1	76619	A	C	1:95281_A/C	pop_1	FALSE
1	76636	A	C	1:95281_A/C	pop_2	TRUE
1	77082	A	C	1:95281_A/C	pop_3	FALSE
1	78279	A	C	1:95281_A/C	all	FALSE
1	78630	A	C	1:96103_A/C	pop_1	FALSE
1	79111	A	C	1:96103_A/C	pop_2	TRUE
1	79400	A	C	1:96103_A/C	pop_3	FALSE
1	79669	A	C	1:96103_A/C	all	FALSE
1	79781	A	C	1:96467_A/C	pop_1	FALSE
1	79917	A	C	1:96467_A/C	pop_2	TRUE
1	80089	A	C	1:96467_A/C	pop_3	FALSE
1	80228	A	C	1:96467_A/C	all	FALSE
1	80454	A	C	1:97049_A/C	pop_1	FALSE
1	81113	A	C	1:97049_A/C	pop_2	TRUE
1	82226	A	C	1:97049_A/C	pop_3	FALSE
1	82249	A	C	1:97049_A/C	all	FALSE
1	82453	A	C	1:97068_A/C	pop_1	FALSE
1	82839	A	C	1:97068_A/C	pop_2	TRUE
1	82998	A	C	1:97068_A/C	pop_3	FALSE
1	84245	A	C	1:97068_A/C	all	FALSE
1	84859	A	C	1:97357_A/C	pop_1	FALSE
1	84967	A	C	1:97357_A/C	pop_2	TRUE
1	86237	A	C	1:97357_A/C	pop_3	FALSE
1	86278	A	C	1:97357_A/C	all	FALSE
1	86413	A	C	1:97403_A/C	pop_1	FALSE
1	87021	A	C	1:97403_A/C	pop_2	TRUE
1	87037	A	C	1:97403_A/C	pop_3	FALSE
1	87112	A	C	1:97403_A/C	all	FALSE
1	87123	A	C	1:97486_A/C	pop_1	FALSE
1	87674	A	C	1:97486_A/C	pop_2	TRUE
1	87786	A	C	1:97486_A/C	pop_3	FALSE
1	87963	A	C	1:97486_A/C	all	FALSE
1	88385	A	C	1:98486_A/C	pop_1	FALSE
1	88980	A	C	1:98486_A/C	pop_2	TRUE
1	89048	A	C	1:98486_A/C	pop_3	FALSE
1	89248	A	C	1:98486_A/C	all	FALSE
1	90532	A	C	1:98687_A/C	pop_1	FALSE
1	90739	A	C	1:98687_A/C	pop_2	TRUE
1	90902	A	C	1:98687_A/C	pop_3	FALSE
1	90934	A	C	1:98687_A/C	all	FALSE
1	91425	A	C	1:98715_A/C	pop_1	FALSE
1	91551	A	C	1:98715_A/C	pop_2	TRUE
1	91898	A	C	1:98715_A/C	pop_3	FALSE
1	92008	A	C	1:98715_A/C	all	FALSE
1	92199	A	C	1:98927_A/C	pop_1	FALSE
1	92293	A	C	1:98927_A/C	pop_2	TRUE
1	92357	A	C	1:98927_A/C	pop_3	FALSE
1	92646	A	C	1:98927_A/C	all	FALSE
1	92964	A	C	1:98943_A/C	pop_1	FALSE
1	93025	A	C	1:98943_A/C	pop_2	TRUE
1	94060	A	C	1:98943_A/C	pop_3	FALSE
1	94143	A	C	1:98943_A/C	all	FALSE
1	94340	A	C	1:99064_A/C	pop_1	FALSE
1	94948	A	C	1:99064_A/C	pop_2	TRUE
1	95228	A	C	1:99064_A/C	pop_3	FALSE
1	95230	A	C	1:99064_A/C	all	FALSE
1	95252	A	C	1:99067_A/C	pop_1	FALSE
1	95281	A	C	1:99067_A/C	pop_2	TRUE
1	96103	A	C	1:99067_A/C	pop_3	FALSE
1	96467	A	C	1:99067_A/C	all	FALSE
1	97049	A	C	1:99134_A/C	pop_1	FALSE
1	97068	A	C	1:99134_A/C	pop_2	TRUE
1	97357	A	C	1:99134_A/C	pop_3	FALSE
1	97403	A	C	1:99134_A/C	all	FALSE
1	97486	A	C	1:99337_A/C	pop_1	FALSE
1	98486	A	C	1:99337_A/C	pop_2	TRUE
1	98687	A	C	1:99337_A/C	pop_3	FALSE
1	98715	A	C	1:99337_A/C	all	FALSE
1	98927	A	C	1:99436_A/C	pop_1	FALSE
1	98943	A	C	1:99436_A/C	pop_2	TRUE
1	99064	A	C	1:99436_A/C	pop_3	FALSE
1	99067	A	C	1:99436_A/C	all	FALSE
1	99134	A	C	1:99798_A/C	pop_1	FALSE
1	99337	A	C	1:99798_A/C	pop_2	TRUE
1	99436	A	C	1:99798_A/C	pop_3	FALSE
1	99798	A	C	1:99798_A/C	all	FALSE
